{
  "PRIMARY_EFFICACY": 0.5649729366511991,
  "OPTIMAL_PERFORMANCE": 0.49207834695283087,
  "MECHANISTIC_BASIS": 0.620253010466121,
  "PROCESS_MODEL": 1.0,
  "SCALABILITY": 0.3535899506481146,
  "CLINICAL_UTILITY": 0.309113842362134
}